{
  "custom": {},
  "params": {},
  "props": {
    "defaultSize": {
      "height": 637,
      "width": 380
    }
  },
  "root": {
    "children": [
      {
        "meta": {
          "name": "Label"
        },
        "position": {
          "height": 42.06999999999999,
          "width": 50,
          "x": 194.34699084472658,
          "y": 87.94496337890625
        },
        "propConfig": {
          "props.text": {
            "binding": {
              "config": {
                "fallbackDelay": 2.5,
                "mode": "indirect",
                "references": {
                  "1": "{../TextField_0.props.text}",
                  "2": "{../Dropdown.props.value}"
                },
                "tagPath": "[MQTT Engine]{1}thing{2}/count"
              },
              "type": "tag"
            }
          }
        },
        "type": "ia.display.label"
      },
      {
        "meta": {
          "name": "Label_0"
        },
        "position": {
          "height": 42.06,
          "width": 50,
          "x": 194.34699084472658,
          "y": 136.58496337890625
        },
        "propConfig": {
          "props.text": {
            "binding": {
              "config": {
                "fallbackDelay": 2.5,
                "mode": "indirect",
                "references": {
                  "1": "{../TextField_0.props.text}",
                  "2": "{../Dropdown.props.value}"
                },
                "tagPath": "[MQTT Engine]{1}thing{2}/in/sensor1"
              },
              "type": "tag"
            }
          }
        },
        "type": "ia.display.label"
      },
      {
        "meta": {
          "name": "Label_1"
        },
        "position": {
          "height": 42.06999999999999,
          "width": 50.000000000000014,
          "x": 96.34749084472656,
          "y": 87.94496337890625
        },
        "props": {
          "text": "Count"
        },
        "type": "ia.display.label"
      },
      {
        "meta": {
          "name": "Label_2"
        },
        "position": {
          "height": 42.06999999999999,
          "width": 50.000000000000014,
          "x": 96.34749084472656,
          "y": 185.21496337890625
        },
        "props": {
          "text": "Sensor2"
        },
        "type": "ia.display.label"
      },
      {
        "meta": {
          "name": "Label_3"
        },
        "position": {
          "height": 42.06,
          "width": 50.000000000000014,
          "x": 96.34749084472656,
          "y": 136.58496337890625
        },
        "props": {
          "text": "Sensor1"
        },
        "type": "ia.display.label"
      },
      {
        "meta": {
          "name": "Label_4"
        },
        "position": {
          "height": 42.06999999999999,
          "rotate": {
            "anchor": "50% 113%"
          },
          "width": 58,
          "x": 190.34699084472658,
          "y": 185.21496337890625
        },
        "propConfig": {
          "props.text": {
            "binding": {
              "config": {
                "fallbackDelay": 2.5,
                "mode": "indirect",
                "references": {
                  "1": "{../TextField_0.props.text}",
                  "2": "{../Dropdown.props.value}"
                },
                "tagPath": "[MQTT Engine]{1}thing{2}/in/sensor2"
              },
              "type": "tag"
            }
          }
        },
        "type": "ia.display.label"
      },
      {
        "meta": {
          "name": "Checkbox_3"
        },
        "position": {
          "height": 47.31999999999999,
          "width": 81.99999999999997,
          "x": 267.3469908447266,
          "y": 76.77496337890625
        },
        "propConfig": {
          "props.selected": {
            "binding": {
              "config": {
                "bidirectional": true,
                "fallbackDelay": 2.5,
                "mode": "indirect",
                "references": {
                  "1": "{../Dropdown.props.value}"
                },
                "tagPath": "[default]MQTT Tags/thing{1}/out/out1"
              },
              "type": "tag"
            }
          }
        },
        "props": {
          "text": "Out1"
        },
        "type": "ia.input.checkbox"
      },
      {
        "meta": {
          "name": "Checkbox_4"
        },
        "position": {
          "height": 47.32000000000001,
          "width": 81.99999999999997,
          "x": 267.3469908447266,
          "y": 130.66496337890624
        },
        "propConfig": {
          "props.selected": {
            "binding": {
              "config": {
                "bidirectional": true,
                "fallbackDelay": 2.5,
                "mode": "indirect",
                "references": {
                  "1": "{../Dropdown.props.value}"
                },
                "tagPath": "[default]MQTT Tags/thing{1}/out/out2"
              },
              "type": "tag"
            }
          }
        },
        "props": {
          "text": "Out2"
        },
        "type": "ia.input.checkbox"
      },
      {
        "meta": {
          "name": "Checkbox_5"
        },
        "position": {
          "height": 47.32000000000002,
          "width": 81.99999999999997,
          "x": 267.3469908447266,
          "y": 184.56496337890624
        },
        "propConfig": {
          "props.selected": {
            "binding": {
              "config": {
                "bidirectional": true,
                "fallbackDelay": 2.5,
                "mode": "indirect",
                "references": {
                  "1": "{../Dropdown.props.value}"
                },
                "tagPath": "[default]MQTT Tags/thing{1}/out/out3"
              },
              "type": "tag"
            }
          }
        },
        "props": {
          "text": "Out3"
        },
        "type": "ia.input.checkbox"
      },
      {
        "meta": {
          "name": "Checkbox_6"
        },
        "position": {
          "height": 47.31999999999999,
          "width": 81.99999999999997,
          "x": 267.3469908447266,
          "y": 238.45496337890626
        },
        "propConfig": {
          "props.selected": {
            "binding": {
              "config": {
                "bidirectional": true,
                "fallbackDelay": 2.5,
                "mode": "indirect",
                "references": {
                  "1": "{../Dropdown.props.value}"
                },
                "tagPath": "[default]MQTT Tags/thing{1}/out/out4"
              },
              "type": "tag"
            }
          }
        },
        "props": {
          "text": "Out4"
        },
        "type": "ia.input.checkbox"
      },
      {
        "meta": {
          "name": "Label_5"
        },
        "position": {
          "height": 42.06,
          "width": 83,
          "x": 177.34699084472658,
          "y": 243.05496337890625
        },
        "propConfig": {
          "props.text": {
            "binding": {
              "config": {
                "fallbackDelay": 2.5,
                "mode": "indirect",
                "references": {
                  "1": "{../TextField_0.props.text}",
                  "2": "{../Dropdown.props.value}"
                },
                "tagPath": "[MQTT Engine]{1}thing{2}/in/digitalIn"
              },
              "type": "tag"
            }
          }
        },
        "type": "ia.display.label"
      },
      {
        "meta": {
          "name": "Label_6"
        },
        "position": {
          "height": 42.06,
          "rotate": {
            "anchor": "-82% 0%"
          },
          "width": 74.00000000000001,
          "x": 96.34749084472656,
          "y": 243.05496337890625
        },
        "props": {
          "text": "digitalIn"
        },
        "type": "ia.display.label"
      },
      {
        "meta": {
          "name": "Slider_0"
        },
        "position": {
          "height": 58,
          "width": 168.00000000000003,
          "x": 164.85,
          "y": 513.54
        },
        "propConfig": {
          "props.value": {
            "binding": {
              "config": {
                "bidirectional": true,
                "fallbackDelay": 2.5,
                "mode": "indirect",
                "references": {
                  "1": "{../Dropdown.props.value}"
                },
                "tagPath": "[default]MQTT Tags/thing{1}/out/stepperSpeed.value"
              },
              "type": "tag"
            }
          }
        },
        "props": {
          "labels": {
            "show": true
          },
          "step": 10
        },
        "type": "ia.input.slider"
      },
      {
        "meta": {
          "name": "MultiStateButton"
        },
        "position": {
          "height": 244,
          "width": 130,
          "x": 23.427490844726563,
          "y": 327.27496337890625
        },
        "propConfig": {
          "props.controlValue": {
            "binding": {
              "config": {
                "bidirectional": true,
                "fallbackDelay": 2.5,
                "mode": "indirect",
                "references": {
                  "1": "{../Dropdown.props.value}"
                },
                "tagPath": "[default]MQTT Tags/thing{1}/out/StepperRun.value"
              },
              "type": "tag"
            }
          },
          "props.indicatorValue": {
            "binding": {
              "config": {
                "bidirectional": true,
                "fallbackDelay": 2.5,
                "mode": "indirect",
                "references": {
                  "1": "{../Dropdown.props.value}"
                },
                "tagPath": "[MQTT Engine]line1/thing{1}/out/stepperRun"
              },
              "type": "tag"
            }
          }
        },
        "props": {
          "defaultSelectedStyle": {
            "fontSize": 25
          },
          "defaultUnselectedStyle": {
            "fontSize": 25
          },
          "states": [
            {
              "selectedStyle": {
                "backgroundColor": "#00D900",
                "classes": ""
              },
              "text": "Forward",
              "unselectedStyle": {
                "classes": ""
              },
              "value": 1
            },
            {
              "selectedStyle": {
                "backgroundColor": "#F84553",
                "classes": ""
              },
              "text": "Stop",
              "unselectedStyle": {
                "classes": ""
              },
              "value": 0
            },
            {
              "selectedStyle": {
                "backgroundColor": "#ffa500",
                "classes": ""
              },
              "text": "Reverse",
              "unselectedStyle": {
                "classes": ""
              },
              "value": -1
            }
          ]
        },
        "type": "ia.input.multi-state-button"
      },
      {
        "meta": {
          "name": "Motor"
        },
        "position": {
          "height": 178,
          "width": 174,
          "x": 168.81,
          "y": 329.27
        },
        "propConfig": {
          "props.state": {
            "binding": {
              "config": {
                "fallbackDelay": 2.5,
                "mode": "indirect",
                "publishInitial": true,
                "references": {
                  "1": "{../TextField_0.props.text}",
                  "2": "{../Dropdown.props.value}"
                },
                "tagPath": "[MQTT Engine]{1}thing{2}/out/stepperRun.value"
              },
              "transforms": [
                {
                  "fallback": "?",
                  "inputType": "range",
                  "mappings": [
                    {
                      "input": {
                        "max": 0.5,
                        "min": -0.5
                      },
                      "output": "stopped"
                    },
                    {
                      "input": {
                        "max": 1,
                        "min": 1
                      },
                      "output": "running"
                    },
                    {
                      "input": {
                        "max": -1,
                        "min": -1
                      },
                      "output": "running"
                    }
                  ],
                  "outputType": "scalar",
                  "type": "map"
                }
              ],
              "type": "tag"
            }
          },
          "props.value.text": {
            "binding": {
              "config": {
                "fallbackDelay": 2.5,
                "mode": "indirect",
                "references": {
                  "1": "{../TextField_0.props.text}",
                  "2": "{../Dropdown.props.value}"
                },
                "tagPath": "[MQTT Engine]{1}thing{2}/out/stepperSpeed.value"
              },
              "type": "tag"
            }
          }
        },
        "props": {
          "label": {
            "style": {
              "fontSize": 25
            }
          },
          "value": {
            "style": {
              "fontSize": 25
            }
          }
        },
        "type": "ia.symbol.motor"
      },
      {
        "meta": {
          "name": "CylindricalTank"
        },
        "position": {
          "height": 222,
          "width": 76,
          "x": 16.137490844726564,
          "y": 87.27496337890625
        },
        "propConfig": {
          "props.value": {
            "binding": {
              "config": {
                "fallbackDelay": 2.5,
                "mode": "indirect",
                "references": {
                  "1": "{../Dropdown.props.value}",
                  "2": "{../TextField_0.props.text}"
                },
                "tagPath": "[MQTT Engine]{2}thing{1}/in/sensor2"
              },
              "type": "tag"
            }
          }
        },
        "props": {
          "capacity": 200
        },
        "type": "ia.display.cylindrical-tank"
      },
      {
        "meta": {
          "name": "TextField"
        },
        "position": {
          "height": 32,
          "width": 235.99999999999997,
          "x": 105.03,
          "y": 582.8299877929687
        },
        "propConfig": {
          "props.text": {
            "binding": {
              "config": {
                "bidirectional": true,
                "fallbackDelay": 2.5,
                "mode": "indirect",
                "references": {
                  "1": "{../Dropdown.props.value}"
                },
                "tagPath": "[default]MQTT Tags/thing{1}/out/message.value"
              },
              "type": "tag"
            }
          }
        },
        "type": "ia.input.text-field"
      },
      {
        "meta": {
          "name": "Label_7"
        },
        "position": {
          "height": 42.06999999999999,
          "width": 77,
          "x": 19.542501525878905,
          "y": 582.9250366210938
        },
        "props": {
          "text": "message:"
        },
        "type": "ia.display.label"
      },
      {
        "meta": {
          "name": "Label_8"
        },
        "position": {
          "height": 32,
          "width": 94,
          "x": 15.79,
          "y": 44.76250457763672
        },
        "props": {
          "text": "Namespace:"
        },
        "type": "ia.display.label"
      },
      {
        "meta": {
          "name": "Label_9"
        },
        "position": {
          "height": 32,
          "width": 117,
          "x": 16.13,
          "y": 4
        },
        "props": {
          "text": "Thing Number:"
        },
        "type": "ia.display.label"
      },
      {
        "meta": {
          "name": "Dropdown"
        },
        "position": {
          "height": 36,
          "width": 196.99999999999997,
          "x": 139.34,
          "y": 2
        },
        "propConfig": {
          "props.options[0].isDisabled": {
            "binding": {
              "config": {
                "fallbackDelay": 2.5,
                "mode": "indirect",
                "references": {},
                "tagPath": "[MQTT Engine]line1/thing1/count.value"
              },
              "transforms": [
                {
                  "fallback": "true",
                  "inputType": "range",
                  "mappings": [
                    {
                      "input": {
                        "max": 0,
                        "min": 0
                      },
                      "output": "true"
                    },
                    {
                      "input": {
                        "max": 100000000000000,
                        "min": 0
                      },
                      "output": "false"
                    }
                  ],
                  "outputType": "expression",
                  "type": "map"
                }
              ],
              "type": "tag"
            }
          },
          "props.options[1].isDisabled": {
            "binding": {
              "config": {
                "fallbackDelay": 2.5,
                "mode": "indirect",
                "references": {},
                "tagPath": "[MQTT Engine]line1/thing2/count.value"
              },
              "transforms": [
                {
                  "fallback": "true",
                  "inputType": "range",
                  "mappings": [
                    {
                      "input": {
                        "max": 0,
                        "min": 0
                      },
                      "output": "true"
                    },
                    {
                      "input": {
                        "max": 100000000000000,
                        "min": 0
                      },
                      "output": "false"
                    }
                  ],
                  "outputType": "expression",
                  "type": "map"
                }
              ],
              "type": "tag"
            }
          },
          "props.options[2].isDisabled": {
            "binding": {
              "config": {
                "fallbackDelay": 2.5,
                "mode": "indirect",
                "references": {},
                "tagPath": "[MQTT Engine]line1/thing3/count.value"
              },
              "transforms": [
                {
                  "fallback": "true",
                  "inputType": "range",
                  "mappings": [
                    {
                      "input": {
                        "max": 0,
                        "min": 0
                      },
                      "output": "true"
                    },
                    {
                      "input": {
                        "max": 100000000000000,
                        "min": 0
                      },
                      "output": "false"
                    }
                  ],
                  "outputType": "expression",
                  "type": "map"
                }
              ],
              "type": "tag"
            }
          },
          "props.options[3].isDisabled": {
            "binding": {
              "config": {
                "fallbackDelay": 2.5,
                "mode": "indirect",
                "references": {},
                "tagPath": "[MQTT Engine]line1/thing4/count.value"
              },
              "transforms": [
                {
                  "fallback": "true",
                  "inputType": "range",
                  "mappings": [
                    {
                      "input": {
                        "max": 0,
                        "min": 0
                      },
                      "output": "true"
                    },
                    {
                      "input": {
                        "max": 100000000000000,
                        "min": 0
                      },
                      "output": "false"
                    }
                  ],
                  "outputType": "expression",
                  "type": "map"
                }
              ],
              "type": "tag"
            }
          },
          "props.options[4].isDisabled": {
            "binding": {
              "config": {
                "fallbackDelay": 2.5,
                "mode": "indirect",
                "references": {},
                "tagPath": "[MQTT Engine]line1/thing5/count.value"
              },
              "transforms": [
                {
                  "fallback": "true",
                  "inputType": "range",
                  "mappings": [
                    {
                      "input": {
                        "max": 0,
                        "min": 0
                      },
                      "output": "true"
                    },
                    {
                      "input": {
                        "max": 100000000000000,
                        "min": 0
                      },
                      "output": "false"
                    }
                  ],
                  "outputType": "expression",
                  "type": "map"
                }
              ],
              "type": "tag"
            }
          },
          "props.options[5].isDisabled": {
            "binding": {
              "config": {
                "fallbackDelay": 2.5,
                "mode": "indirect",
                "references": {},
                "tagPath": "[MQTT Engine]line1/thing6/count.value"
              },
              "transforms": [
                {
                  "fallback": "true",
                  "inputType": "range",
                  "mappings": [
                    {
                      "input": {
                        "max": 0,
                        "min": 0
                      },
                      "output": "true"
                    },
                    {
                      "input": {
                        "max": 100000000000000,
                        "min": 0
                      },
                      "output": "false"
                    }
                  ],
                  "outputType": "expression",
                  "type": "map"
                }
              ],
              "type": "tag"
            }
          },
          "props.options[6].isDisabled": {
            "binding": {
              "config": {
                "fallbackDelay": 2.5,
                "mode": "indirect",
                "references": {},
                "tagPath": "[MQTT Engine]line1/thing7/count.value"
              },
              "transforms": [
                {
                  "fallback": "true",
                  "inputType": "range",
                  "mappings": [
                    {
                      "input": {
                        "max": 0,
                        "min": 0
                      },
                      "output": "true"
                    },
                    {
                      "input": {
                        "max": 100000000000000,
                        "min": 0
                      },
                      "output": "false"
                    }
                  ],
                  "outputType": "expression",
                  "type": "map"
                }
              ],
              "type": "tag"
            }
          }
        },
        "props": {
          "options": [
            {
              "label": 1,
              "value": 1
            },
            {
              "label": 2,
              "value": 2
            },
            {
              "label": 3,
              "value": 3
            },
            {
              "label": 4,
              "value": 4
            },
            {
              "label": 5,
              "value": 5
            },
            {
              "label": 6,
              "value": 6
            },
            {
              "label": 7,
              "value": 7
            },
            {
              "label": 8,
              "value": 8
            },
            {
              "label": 9,
              "value": 9
            },
            {
              "label": 10,
              "value": 10
            },
            {
              "label": 11,
              "value": 11
            },
            {
              "label": 12,
              "value": 12
            },
            {
              "label": 13,
              "value": 13
            },
            {
              "label": 14,
              "value": 14
            },
            {
              "label": 15,
              "value": 15
            },
            {
              "label": 16,
              "value": 16
            },
            {
              "label": 17,
              "value": 17
            },
            {
              "label": 18,
              "value": 18
            },
            {
              "label": 19,
              "value": 19
            },
            {
              "label": 20,
              "value": 20
            },
            {
              "label": 21,
              "value": 21
            },
            {
              "label": 22,
              "value": 22
            },
            {
              "label": 23,
              "value": 23
            },
            {
              "label": 24,
              "value": 24
            },
            {
              "label": 25,
              "value": 25
            },
            {
              "label": 26,
              "value": 26
            },
            {
              "label": 27,
              "value": 27
            },
            {
              "label": 28,
              "value": 28
            },
            {
              "label": 29,
              "value": 29
            },
            {
              "label": 30,
              "value": 30
            },
            {
              "label": "",
              "value": ""
            },
            {
              "label": "",
              "value": ""
            }
          ],
          "placeholder": {
            "text": "Select Thing Number"
          },
          "value": 6
        },
        "type": "ia.input.dropdown"
      },
      {
        "meta": {
          "name": "TextField_0"
        },
        "position": {
          "height": 32,
          "width": 218,
          "x": 117,
          "y": 47
        },
        "props": {
          "text": "line1/"
        },
        "type": "ia.input.text-field"
      },
      {
        "meta": {
          "name": "MultiStateButton_0"
        },
        "position": {
          "height": 37,
          "width": 169,
          "x": 211,
          "y": 285.87251220703126
        },
        "propConfig": {
          "props.controlValue": {
            "binding": {
              "config": {
                "fallbackDelay": 2.5,
                "mode": "indirect",
                "references": {
                  "1": "{../Dropdown.props.value}"
                },
                "tagPath": "[default]MQTT Tags/thing{1}/out/out1.value"
              },
              "type": "tag"
            }
          },
          "props.indicatorValue": {
            "binding": {
              "config": {
                "fallbackDelay": 2.5,
                "mode": "indirect",
                "references": {
                  "1": "{../TextField_0.props.text}",
                  "2": "{../Dropdown.props.value}"
                },
                "tagPath": "[MQTT Engine]{1}thing{2}/out/out1.value"
              },
              "type": "tag"
            }
          }
        },
        "props": {
          "orientation": "row",
          "states": [
            {
              "selectedStyle": {
                "backgroundColor": "#FF0000",
                "classes": ""
              },
              "text": "Out1 Off",
              "unselectedStyle": {
                "classes": ""
              },
              "value": 0
            },
            {
              "selectedStyle": {
                "backgroundColor": "#00FF00",
                "classes": ""
              },
              "text": "Out1 On",
              "unselectedStyle": {
                "classes": ""
              },
              "value": 1
            }
          ]
        },
        "type": "ia.input.multi-state-button"
      }
    ],
    "meta": {
      "contextMenu": {
        "enabled": true
      },
      "name": "root"
    },
    "type": "ia.container.coord"
  }
}